,OrderFlowImba,qi,T
0,-0.0015260844722713104,0.0,5
1,-0.001499564836892188,-4.634251290877797,5
2,-0.0012223141033831822,0.0,5
3,-0.0010897159264875707,-3.089500860585198,5
4,-0.0009764047571404118,0.0,5
5,-0.0005617340948486814,-6.179001721170396,5
6,-0.0005159274519211064,-4.634251290877797,5
7,-0.0005014621962597671,-3.089500860585198,5
8,-0.00046770993304997503,0.0,5
9,-0.0004556555533321922,-9.268502581755595,5
10,-0.00043154679389662644,-6.179001721170396,5
11,-0.00042913591795306987,-3.089500860585198,5
12,-0.0004219032901224002,-3.089500860585198,5
13,-0.00036886401936415557,0.0,5
14,-0.000366453143420599,-6.179001721170396,5
15,-0.0003471661358721464,-1.544750430292599,5
16,-0.00034475525992858986,-6.179001721170396,5
17,-0.00033511175615436354,-6.179001721170396,5
18,-0.000332700880210807,0.7723752151462995,5
19,-0.0003302900042672504,0.0,5
20,-0.00032064650049302415,-3.089500860585198,5
21,-0.00031582474860591096,-1.544750430292599,5
22,-0.00030859212077524126,-6.179001721170396,5
23,-0.0003061812448316847,-3.089500860585198,5
24,-0.0002868942372832321,-3.089500860585198,5
25,-0.00028448336133967555,0.0,5
26,-0.00027483985756544924,-3.089500860585198,5
27,-0.00027242898162189267,0.0,5
28,-0.0002700181056783361,-3.089500860585198,5
29,-0.000265196353791223,-3.089500860585198,5
30,-0.00026037460190410984,-3.089500860585198,5
31,-0.0002531419740734401,0.0,5
32,-0.00025073109812988353,-6.179001721170396,5
33,-0.0002459093462427704,-1.0298336201950662,5
34,-0.00024108759435565724,0.0,5
35,-0.00023867671841210067,-1.544750430292599,5
36,-0.00023385496652498751,-9.268502581755595,5
37,-0.00023144409058143095,0.0,5
38,-0.00022903321463787438,0.0,5
39,-0.00022421146275076122,-3.089500860585198,5
40,-0.00022180058680720466,-1.544750430292599,5
41,-0.0002193897108636481,-1.544750430292599,5
42,-0.00021697883492009153,-4.634251290877797,5
43,-0.00021456795897653493,-0.7723752151462995,5
44,-0.00021215708303297837,-3.089500860585198,5
45,-0.00020733533114586524,-3.089500860585198,5
46,-0.00020492445520230865,-3.8618760757314976,5
47,-0.00019528095142808236,0.0,5
48,-0.0001928700754845258,-3.089500860585198,5
49,-0.00019045919954096922,-2.0596672403901324,5
50,-0.00018804832359741266,-1.9309380378657488,5
51,-0.0001832265717102995,3.089500860585198,5
52,-0.00018081569576674294,-3.089500860585198,5
53,-0.00017840481982318637,-1.544750430292599,5
54,-0.00017599394387962978,-3.089500860585198,5
55,-0.0001735830679360732,-1.544750430292599,5
56,-0.00017117219199251665,-2.0596672403901324,5
57,-0.00016876131604896008,0.0,5
58,-0.0001663504401054035,-1.0298336201950662,5
59,-0.00016393956416184692,-1.2358003442340793,5
60,-0.00016152868821829036,-3.089500860585198,5
61,-0.0001591178122747338,0.0,5
62,-0.0001567069363311772,0.0,5
63,-0.00015429606038762063,-1.544750430292599,5
64,-0.00015188518444406407,-1.0298336201950662,5
65,-0.0001494743085005075,-1.544750430292599,5
66,-0.0001470634325569509,-0.882714531595771,5
67,-0.00014465255661339434,-1.1585628227194493,5
68,-0.00014224168066983778,-2.4029451137884874,5
69,-0.0001398308047262812,-1.8537005163511189,5
70,-0.00013741992878272462,-1.0298336201950662,5
71,-0.00013500905283916805,-1.544750430292599,5
72,-0.0001325981768956115,-0.7723752151462995,5
73,-0.00013018730095205492,-0.882714531595771,5
74,-0.00012777642500849833,-1.8537005163511189,5
75,-0.00012536554906494176,-2.574584050487665,5
76,-0.0001229546731213852,-3.089500860585198,5
77,-0.00012054379717782862,-1.6851822875919262,5
78,-0.00011813292123427205,0.0,5
79,-0.00011572204529071547,-1.7824043426453067,5
80,-0.00011331116934715891,-0.5149168100975331,5
81,-0.00011090029340360233,-1.0813253012048194,5
82,-0.00010848941746004576,-1.0298336201950662,5
83,-0.00010607854151648918,0.0,5
84,-0.00010366766557293262,0.0,5
85,-0.00010125678962937604,0.3089500860585198,5
86,-9.884591368581947e-05,-1.1033931644947137,5
87,-9.64350377422629e-05,-0.42909734174794417,5
88,-9.402416179870633e-05,-0.7723752151462995,5
89,-9.161328585514975e-05,-0.2942381771985903,5
90,-8.920240991159318e-05,-1.6790765546658686,5
91,-8.67915339680366e-05,-1.1234548583946176,5
92,-8.438065802448004e-05,-0.7723752151462995,5
93,-8.196978208092346e-05,-1.128856083675361,5
94,-7.95589061373669e-05,-1.2784141492076682,5
95,-7.714803019381032e-05,-1.4979398111928233,5
96,-7.473715425025375e-05,-0.4543383618507644,5
97,-7.232627830669717e-05,-1.2358003442340793,5
98,-6.99154023631406e-05,-1.2014725568942437,5
99,-6.750452641958403e-05,-0.8341652323580034,5
100,-6.509365047602746e-05,-0.534721302793592,5
101,-6.268277453247088e-05,-1.2872920252438325,5
102,-6.027189858891431e-05,-1.0904120684418348,5
103,-5.786102264535774e-05,-0.8969518627505414,5
104,-5.5450146701801165e-05,-0.905543355688765,5
105,-5.303927075824459e-05,-0.9310824511352652,5
106,-5.062839481468802e-05,-0.7552113214763817,5
107,-4.821751887113145e-05,-0.6466397150062043,5
108,-4.5806642927574875e-05,-1.357070471472003,5
109,-4.33957669840183e-05,-0.9243178804209814,5
110,-4.098489104046173e-05,-0.7044061962134252,5
111,-3.857401509690516e-05,-0.2808637145986544,5
112,-3.6163139153348586e-05,-0.6800260046396768,5
113,-3.375226320979201e-05,-0.8887605215382076,5
114,-3.134138726623544e-05,-0.6368154835083776,5
115,-2.893051132267887e-05,-0.6884842741753532,5
116,-2.6519635379122296e-05,-0.5393535400682634,5
117,-2.4108759435565724e-05,-0.3446620583717358,5
118,-2.169788349200915e-05,-0.5486029565525119,5
119,-1.928700754845258e-05,-0.3377187175538476,5
120,-1.6876131604896007e-05,-0.20455599305244465,5
121,-1.4465255661339434e-05,-0.04969127258283885,5
122,-1.2054379717782862e-05,0.02365342237197148,5
123,-9.64350377422629e-06,-0.011647505600698202,5
124,-7.232627830669717e-06,-0.009881132816370571,5
125,-4.821751887113145e-06,-0.04164449348724783,5
126,-2.4108759435565724e-06,0.034648607782263904,5
127,0.0,-0.026633628108493086,5
128,2.4108759435565724e-06,-0.14477642795280957,5
129,4.821751887113145e-06,-0.06270204698604646,5
130,7.232627830669717e-06,0.03336394017910581,5
131,9.64350377422629e-06,-0.028440172650735833,5
132,1.2054379717782862e-05,0.030786350896804433,5
133,1.4465255661339434e-05,0.026904216492759345,5
134,1.6876131604896007e-05,0.2628119824694403,5
135,1.928700754845258e-05,0.2777430066586693,5
136,2.169788349200915e-05,0.3909319270765054,5
137,2.4108759435565724e-05,0.5662696995142682,5
138,2.6519635379122296e-05,0.6009971278949929,5
139,2.893051132267887e-05,0.5733789806762922,5
140,3.134138726623544e-05,0.6540273999222698,5
141,3.375226320979201e-05,0.8504805739813185,5
142,3.6163139153348586e-05,0.8592674268502583,5
143,3.857401509690516e-05,0.5606871932173138,5
144,4.098489104046173e-05,1.1122203098106713,5
145,4.33957669840183e-05,0.38277001812559974,5
146,4.5806642927574875e-05,0.8984772910885525,5
147,4.821751887113145e-05,0.5617274291973088,5
148,5.062839481468802e-05,0.9303610546080426,5
149,5.303927075824459e-05,0.968043602983362,5
150,5.5450146701801165e-05,1.5700742078383794,5
151,5.786102264535774e-05,1.2784141492076682,5
152,6.027189858891431e-05,1.0549515133705556,5
153,6.268277453247088e-05,1.1122203098106713,5
154,6.509365047602746e-05,0.5870051635111876,5
155,6.750452641958403e-05,1.217976300807626,5
156,6.99154023631406e-05,1.1033931644947137,5
157,7.232627830669717e-05,0.9562740758954185,5
158,7.473715425025375e-05,0.7129617370581226,5
159,7.714803019381032e-05,0.8317886932344765,5
160,7.95589061373669e-05,1.144259577994518,5
161,8.196978208092346e-05,0.7129617370581226,5
162,8.438065802448004e-05,1.074608994986156,5
163,8.67915339680366e-05,0.6007362784471219,5
164,8.920240991159318e-05,1.3240717973936562,5
165,9.161328585514975e-05,0.7723752151462995,5
166,9.402416179870633e-05,0.882714531595771,5
167,9.64350377422629e-05,0.23765391235270755,5
168,9.884591368581947e-05,0.882714531595771,5
169,0.00010125678962937604,0.6504212338074101,5
170,0.00010366766557293262,1.912548151790837,5
171,0.00010607854151648918,2.4029451137884874,5
172,0.00010848941746004576,0.9930538480452423,5
173,0.00011090029340360233,0.8425911437959631,5
174,0.00011331116934715891,2.780550774526678,5
175,0.00011572204529071547,1.0298336201950662,5
176,0.00011813292123427205,1.8537005163511189,5
177,0.00012054379717782862,0.8581946834958883,5
178,0.0001229546731213852,1.2638867156939446,5
179,0.00012536554906494176,1.544750430292599,5
180,0.00012777642500849833,1.0298336201950662,5
181,0.00013018730095205492,0.882714531595771,5
182,0.0001325981768956115,1.1585628227194493,5
183,0.00013500905283916805,0.4413572657978855,5
184,0.00013741992878272462,0.0,5
185,0.0001398308047262812,-0.882714531595771,5
186,0.00014224168066983778,2.3171256454388987,5
187,0.00014465255661339434,1.2358003442340793,5
188,0.0001470634325569509,1.544750430292599,5
189,0.0001494743085005075,0.6179001721170396,5
190,0.00015188518444406407,1.8537005163511189,5
191,0.00015429606038762063,0.0,5
192,0.0001567069363311772,1.1585628227194493,5
193,0.00016152868821829036,3.089500860585198,5
194,0.00016393956416184692,3.089500860585198,5
195,0.00016876131604896008,0.0,5
196,0.00017117219199251665,4.119334480780265,5
197,0.0001735830679360732,4.634251290877797,5
198,0.00017599394387962978,2.4716006884681585,5
199,0.00017840481982318637,1.544750430292599,5
200,0.00018081569576674294,0.7723752151462995,5
201,0.00018804832359741266,1.544750430292599,5
202,0.00019045919954096922,3.089500860585198,5
203,0.0001928700754845258,2.162650602409639,5
204,0.00019769182737163895,0.0,5
205,0.00020492445520230865,3.089500860585198,5
206,0.0002097462070894218,1.544750430292599,5
207,0.00021697883492009153,0.0,5
208,0.0002193897108636481,3.089500860585198,5
209,0.00022180058680720466,0.0,5
210,0.00022421146275076122,3.089500860585198,5
211,0.00022903321463787438,3.089500860585198,5
212,0.00023144409058143095,0.0,5
213,0.00024108759435565724,-1.544750430292599,5
214,0.0002434984702992138,9.268502581755595,5
215,0.00024832022218632696,2.0596672403901324,5
216,0.0002531419740734401,6.179001721170396,5
217,0.00025555285001699666,3.089500860585198,5
218,0.0002579637259605532,1.544750430292599,5
219,0.0002627854778476664,6.179001721170396,5
220,0.0002700181056783361,2.3171256454388987,5
221,0.0002772507335090058,-1.544750430292599,5
222,0.0002796616094525624,3.089500860585198,5
223,0.0002893051132267887,3.089500860585198,5
224,0.0002941268651139018,0.0,5
225,0.00030135949294457157,0.7723752151462995,5
226,0.00030859212077524126,0.0,5
227,0.00036163139153348587,-3.089500860585198,5
228,0.00040502715851750416,6.179001721170396,5
229,0.00042913591795306987,3.089500860585198,5
230,0.0004460120495579659,0.0,5
231,0.0005038730722033237,-3.089500860585198,5
232,0.0005255709556953328,6.179001721170396,5
233,0.0006220059934375957,0.0,5
234,0.0006316494972118219,0.0,5
235,0.0007907673094865558,0.0,5
236,0.0008703262156239226,0.0,5
237,-0.003445141723342342,0.0,10
238,-0.0029557339068003578,-7.723752151462995,10
239,-0.0009498851217612896,0.0,10
240,-0.0007208519071234151,3.089500860585198,10
241,-0.000716030155236302,-3.089500860585198,10
242,-0.0006846887679700666,0.0,10
243,-0.0005545014670180116,-6.179001721170396,10
244,-0.0005207492038082197,-6.179001721170396,10
245,-0.00046770993304997503,0.0,10
246,-0.0004628881811628619,0.0,10
247,-0.0004436011736144093,-3.089500860585198,10
248,-0.0004267250420095133,-9.268502581755595,10
249,-0.0004098489104046173,-3.089500860585198,10
250,-0.00039779453068683446,0.0,10
251,-0.0003905619028561647,-12.358003442340792,10
252,-0.0003857401509690516,0.0,10
253,-0.0003785075231383819,-10.813253012048193,10
254,-0.0003760966471948253,-3.089500860585198,10
255,-0.000366453143420599,-9.268502581755595,10
256,-0.00036163139153348587,-3.089500860585198,10
257,-0.0003592205155899293,0.0,10
258,-0.00035680963964637274,-4.634251290877797,10
259,-0.0003399335080414767,-9.268502581755595,10
260,-0.0003302900042672504,-6.179001721170396,10
261,-0.00032787912832369384,-9.268502581755595,10
262,-0.0003254682523801373,-3.089500860585198,10
263,-0.0003230573764365807,-3.089500860585198,10
264,-0.0003182356245494676,0.0,10
265,-0.00031582474860591096,-3.089500860585198,10
266,-0.0003134138726623544,0.0,10
267,-0.00031100299671879783,-1.544750430292599,10
268,-0.00030859212077524126,-3.089500860585198,10
269,-0.00030135949294457157,0.0,10
270,-0.0002965377410574584,0.0,10
271,-0.0002941268651139018,0.0,10
272,-0.00029171598917034525,-4.634251290877797,10
273,-0.0002868942372832321,-3.089500860585198,10
274,-0.00028448336133967555,-6.179001721170396,10
275,-0.0002772507335090058,-3.089500860585198,10
276,-0.00027242898162189267,-3.089500860585198,10
277,-0.0002700181056783361,-6.179001721170396,10
278,-0.00026760722973477954,-3.089500860585198,10
279,-0.000265196353791223,-3.089500860585198,10
280,-0.0002627854778476664,-1.544750430292599,10
281,-0.00026037460190410984,-6.179001721170396,10
282,-0.0002531419740734401,-1.544750430292599,10
283,-0.00023867671841210067,-1.0298336201950662,10
284,-0.0002362658424685441,-3.089500860585198,10
285,-0.00023385496652498751,-2.574584050487665,10
286,-0.00022903321463787438,-6.179001721170396,10
287,-0.00022662233869431782,-4.634251290877797,10
288,-0.00022421146275076122,-3.089500860585198,10
289,-0.00022180058680720466,-3.089500860585198,10
290,-0.00021697883492009153,-3.089500860585198,10
291,-0.00021456795897653493,0.0,10
292,-0.00021215708303297837,-3.089500860585198,10
293,-0.0002097462070894218,-3.089500860585198,10
294,-0.00020733533114586524,-6.179001721170396,10
295,-0.00020492445520230865,-3.089500860585198,10
296,-0.00020251357925875208,-9.268502581755595,10
297,-0.00020010270331519551,0.0,10
298,-0.00019769182737163895,1.544750430292599,10
299,-0.00019528095142808236,-2.0596672403901324,10
300,-0.0001928700754845258,0.7723752151462995,10
301,-0.00019045919954096922,-6.179001721170396,10
302,-0.00018804832359741266,-2.3171256454388987,10
303,-0.00018563744765385607,-1.544750430292599,10
304,-0.0001832265717102995,-3.089500860585198,10
305,-0.00018081569576674294,-1.8537005163511189,10
306,-0.00017840481982318637,0.0,10
307,-0.00017599394387962978,0.0,10
308,-0.0001735830679360732,-1.544750430292599,10
309,-0.00017117219199251665,-1.1585628227194493,10
310,-0.0001663504401054035,-0.6179001721170396,10
311,-0.00016393956416184692,-0.7723752151462995,10
312,-0.00016152868821829036,-3.089500860585198,10
313,-0.0001591178122747338,-2.0596672403901324,10
314,-0.0001567069363311772,-1.9309380378657488,10
315,-0.00015429606038762063,-1.2358003442340793,10
316,-0.00015188518444406407,-3.3469592656339646,10
317,-0.0001494743085005075,-0.5149168100975331,10
318,-0.0001470634325569509,0.0,10
319,-0.00014465255661339434,-1.8537005163511189,10
320,-0.00014224168066983778,-2.3171256454388987,10
321,-0.0001398308047262812,-2.9607716580608145,10
322,-0.00013741992878272462,-0.6865557467967107,10
323,-0.00013500905283916805,-3.089500860585198,10
324,-0.0001325981768956115,-2.4716006884681585,10
325,-0.00013018730095205492,-1.8537005163511189,10
326,-0.00012777642500849833,-0.5149168100975331,10
327,-0.00012536554906494176,-1.544750430292599,10
328,-0.0001229546731213852,-1.1882695617635377,10
329,-0.00012054379717782862,-1.9660460021905806,10
330,-0.00011813292123427205,-1.765429063191542,10
331,-0.00011572204529071547,-1.2638867156939446,10
332,-0.00011331116934715891,-2.606766351118761,10
333,-0.00011090029340360233,-1.9953026391279403,10
334,-0.00010848941746004576,-1.4259234741162452,10
335,-0.00010607854151648918,-1.1382371591629679,10
336,-0.00010366766557293262,-1.404318572993272,10
337,-0.00010125678962937604,-1.0298336201950662,10
338,-9.884591368581947e-05,-1.895830073540917,10
339,-9.64350377422629e-05,-1.8022088353413657,10
340,-9.402416179870633e-05,-1.4949197712509024,10
341,-9.161328585514975e-05,-2.42746496188837,10
342,-8.920240991159318e-05,-1.404318572993272,10
343,-8.67915339680366e-05,-1.2358003442340793,10
344,-8.438065802448004e-05,-2.246909716789235,10
345,-8.196978208092346e-05,-2.3171256454388987,10
346,-7.95589061373669e-05,-1.9082211197732106,10
347,-7.714803019381032e-05,-1.2358003442340793,10
348,-7.473715425025375e-05,-1.9106123743092673,10
349,-7.232627830669717e-05,-1.905192197360872,10
350,-6.99154023631406e-05,-1.544750430292599,10
351,-6.750452641958403e-05,-1.8134026790391382,10
352,-6.509365047602746e-05,-1.6165992875155106,10
353,-6.268277453247088e-05,-1.3168364323805763,10
354,-6.027189858891431e-05,-1.9975221081369818,10
355,-5.786102264535774e-05,-1.488235170647748,10
356,-5.5450146701801165e-05,-1.4061189814201862,10
357,-5.303927075824459e-05,-1.7530313871859833,10
358,-5.062839481468802e-05,-1.9459843082906767,10
359,-4.821751887113145e-05,-0.8783874995781445,10
360,-4.5806642927574875e-05,-1.5125681296615032,10
361,-4.33957669840183e-05,-1.2059893710179064,10
362,-4.098489104046173e-05,-0.8713976786265943,10
363,-3.857401509690516e-05,-1.1653380439049432,10
364,-3.6163139153348586e-05,-1.544750430292599,10
365,-3.375226320979201e-05,-0.8900217710957359,10
366,-3.134138726623544e-05,-0.818410823996079,10
367,-2.893051132267887e-05,-1.0323827133143608,10
368,-2.6519635379122296e-05,-1.1527988285765665,10
369,-2.4108759435565724e-05,-0.7321092086694783,10
370,-2.169788349200915e-05,-0.4083822976635607,10
371,-1.928700754845258e-05,-0.9779266836932986,10
372,-1.6876131604896007e-05,-0.5757187950536993,10
373,-1.4465255661339434e-05,-0.5941347808817689,10
374,-1.2054379717782862e-05,-0.5696951941504621,10
375,-9.64350377422629e-06,-0.05922365866936482,10
376,-7.232627830669717e-06,-0.16464424648886636,10
377,-4.821751887113145e-06,-0.13630150855522935,10
378,-2.4108759435565724e-06,-0.35578799997992805,10
379,0.0,0.060976990669444696,10
380,2.4108759435565724e-06,0.004695290061679632,10
381,4.821751887113145e-06,-0.01930938037865749,10
382,7.232627830669717e-06,-0.013792414556183921,10
383,9.64350377422629e-06,0.2854984293610084,10
384,1.2054379717782862e-05,0.1375462711904369,10
385,1.4465255661339434e-05,0.3831939051888618,10
386,1.6876131604896007e-05,1.1076698821865536,10
387,1.928700754845258e-05,0.446991613871901,10
388,2.169788349200915e-05,0.6630435636872343,10
389,2.4108759435565724e-05,0.655790277011009,10
390,2.6519635379122296e-05,0.9978053018636406,10
391,2.893051132267887e-05,0.3548750988510025,10
392,3.134138726623544e-05,1.046128455957646,10
393,3.375226320979201e-05,0.8772656764624637,10
394,3.6163139153348586e-05,1.1371079556320522,10
395,3.857401509690516e-05,1.0932079968224548,10
396,4.098489104046173e-05,1.0068462626014263,10
397,4.33957669840183e-05,1.472565830746216,10
398,4.5806642927574875e-05,1.184308663224326,10
399,4.821751887113145e-05,2.034549347214643,10
400,5.062839481468802e-05,1.4061189814201862,10
401,5.303927075824459e-05,1.3158985146936957,10
402,5.5450146701801165e-05,1.3731114935934214,10
403,5.786102264535774e-05,1.1382371591629679,10
404,6.027189858891431e-05,1.7542081157560023,10
405,6.268277453247088e-05,1.2750321011938914,10
406,6.509365047602746e-05,0.4413572657978855,10
407,6.750452641958403e-05,1.3445050041435584,10
408,6.99154023631406e-05,2.1808241368836696,10
409,7.232627830669717e-05,1.1690003256268318,10
410,7.473715425025375e-05,1.580674858904055,10
411,7.714803019381032e-05,1.6577809495823013,10
412,7.95589061373669e-05,1.5962421113023524,10
413,8.196978208092346e-05,1.601963409192325,10
414,8.438065802448004e-05,0.7723752151462995,10
415,8.67915339680366e-05,1.4482035283993115,10
416,8.920240991159318e-05,1.544750430292599,10
417,9.161328585514975e-05,1.9309380378657488,10
418,9.402416179870633e-05,0.9756318507111151,10
419,9.64350377422629e-05,3.3469592656339646,10
420,9.884591368581947e-05,1.1585628227194493,10
421,0.00010125678962937604,2.6016849352296405,10
422,0.00010366766557293262,1.8022088353413657,10
423,0.00010607854151648918,1.1382371591629679,10
424,0.00010848941746004576,1.4259234741162452,10
425,0.00011090029340360233,1.601963409192325,10
426,0.00011331116934715891,1.544750430292599,10
427,0.00011572204529071547,0.7723752151462995,10
428,0.00011813292123427205,0.9011044176706828,10
429,0.00012054379717782862,1.397631341693304,10
430,0.0001229546731213852,1.3008424676148203,10
431,0.00012536554906494176,2.635162498734434,10
432,0.00012777642500849833,2.2067863289894274,10
433,0.00013018730095205492,0.9268502581755594,10
434,0.0001325981768956115,3.776056607381909,10
435,0.00013500905283916805,1.663577386468953,10
436,0.00013741992878272462,2.2067863289894274,10
437,0.0001398308047262812,2.0596672403901324,10
438,0.00014224168066983778,0.6179001721170396,10
439,0.00014465255661339434,1.544750430292599,10
440,0.0001470634325569509,2.0596672403901324,10
441,0.0001494743085005075,2.780550774526678,10
442,0.00015188518444406407,4.634251290877797,10
443,0.00015429606038762063,1.3240717973936562,10
444,0.0001567069363311772,0.6179001721170396,10
445,0.0001591178122747338,0.6179001721170396,10
446,0.00016152868821829036,5.14916810097533,10
447,0.00016393956416184692,2.0596672403901324,10
448,0.0001663504401054035,1.544750430292599,10
449,0.00016876131604896008,3.089500860585198,10
450,0.00017117219199251665,1.1585628227194493,10
451,0.0001735830679360732,3.089500860585198,10
452,0.00017599394387962978,2.0596672403901324,10
453,0.0001832265717102995,2.0596672403901324,10
454,0.00018563744765385607,4.634251290877797,10
455,0.00018804832359741266,3.089500860585198,10
456,0.0001928700754845258,0.6179001721170396,10
457,0.00019528095142808236,0.0,10
458,0.00019769182737163895,4.634251290877797,10
459,0.00020010270331519551,0.0,10
460,0.00020251357925875208,6.179001721170396,10
461,0.00020733533114586524,4.634251290877797,10
462,0.0002097462070894218,1.544750430292599,10
463,0.00021456795897653493,4.634251290877797,10
464,0.00021697883492009153,1.0298336201950662,10
465,0.0002193897108636481,2.3171256454388987,10
466,0.00022180058680720466,6.179001721170396,10
467,0.00022421146275076122,-3.089500860585198,10
468,0.00023385496652498751,0.0,10
469,0.0002362658424685441,0.0,10
470,0.00023867671841210067,1.544750430292599,10
471,0.00024108759435565724,1.544750430292599,10
472,0.0002459093462427704,-3.089500860585198,10
473,0.00024832022218632696,1.544750430292599,10
474,0.0002531419740734401,-9.268502581755595,10
475,0.00025555285001699666,3.089500860585198,10
476,0.0002579637259605532,4.634251290877797,10
477,0.00026037460190410984,0.0,10
478,0.000265196353791223,0.0,10
479,0.00026760722973477954,7.208835341365463,10
480,0.0002700181056783361,0.0,10
481,0.00027242898162189267,2.0596672403901324,10
482,0.0002772507335090058,4.634251290877797,10
483,0.0002893051132267887,3.089500860585198,10
484,0.0002965377410574584,1.544750430292599,10
485,0.00030135949294457157,4.634251290877797,10
486,0.00030377036888812813,0.0,10
487,0.0003061812448316847,4.634251290877797,10
488,0.00030859212077524126,-3.089500860585198,10
489,0.00031100299671879783,0.0,10
490,0.0003134138726623544,-3.089500860585198,10
491,0.0003254682523801373,0.0,10
492,0.00032787912832369384,0.0,10
493,0.00033752263209792016,-3.089500860585198,10
494,0.00034475525992858986,3.089500860585198,10
495,0.000349577011815703,3.089500860585198,10
496,0.00035198788775925955,2.0596672403901324,10
497,0.00035680963964637274,0.0,10
498,0.00037127489530771213,12.358003442340792,10
499,0.00043154679389662644,9.268502581755595,10
500,0.0004628881811628619,3.089500860585198,10
501,0.0005014621962597671,6.179001721170396,10
502,0.0005111057000339933,0.0,10
503,0.0005207492038082197,6.179001721170396,10
504,0.0005665558467357945,9.268502581755595,10
505,0.0006292386212682654,3.089500860585198,10
506,0.0006798670160829535,0.0,10
507,0.000901667602890158,0.0,10
508,0.0010294440278986565,9.268502581755595,10
509,-0.00391767340827943,-15.44750430292599,20
510,-0.00349577011815703,-10.813253012048193,20
511,-0.0007979999373172254,0.0,20
512,-0.000749782418446094,-1.544750430292599,20
513,-0.0007063866514620757,-12.358003442340792,20
514,-0.0006581691325909443,-6.179001721170396,20
515,-0.00059789723400203,0.0,20
516,-0.0005882537302278036,-12.358003442340792,20
517,-0.0005737884745664642,-9.268502581755595,20
518,-0.0005617340948486814,-3.089500860585198,20
519,-0.0005496797151308985,-9.268502581755595,20
520,-0.0004797643127677579,0.0,20
521,-0.00046529905710641846,-12.358003442340792,20
522,-0.00046047730521930533,-3.089500860585198,20
523,-0.0004556555533321922,-3.089500860585198,20
524,-0.00043395766984018306,0.0,20
525,-0.00042431416606595674,0.0,20
526,-0.0004194924141788436,-9.268502581755595,20
527,-0.00041708153823528704,-3.089500860585198,20
528,-0.0004074380344610607,-3.089500860585198,20
529,-0.00040502715851750416,-12.358003442340792,20
530,-0.0004026162825739476,-12.358003442340792,20
531,-0.00038815102691260815,-4.634251290877797,20
532,-0.000383329275025495,-6.179001721170396,20
533,-0.0003736857712512687,-6.179001721170396,20
534,-0.00036404226747704244,-9.268502581755595,20
535,-0.00036163139153348587,1.544750430292599,20
536,-0.0003592205155899293,0.0,20
537,-0.0003543987637028161,0.0,20
538,-0.00035198788775925955,-3.089500860585198,20
539,-0.000349577011815703,-3.089500860585198,20
540,-0.00034475525992858986,-6.179001721170396,20
541,-0.00033511175615436354,-3.089500860585198,20
542,-0.000332700880210807,-7.723752151462995,20
543,-0.00032787912832369384,-3.089500860585198,20
544,-0.0003254682523801373,-9.268502581755595,20
545,-0.0003230573764365807,0.0,20
546,-0.00030859212077524126,-3.089500860585198,20
547,-0.00030377036888812813,-9.268502581755595,20
548,-0.00030135949294457157,-6.179001721170396,20
549,-0.000298948617001015,-4.119334480780265,20
550,-0.0002941268651139018,0.0,20
551,-0.00029171598917034525,-6.179001721170396,20
552,-0.0002868942372832321,-3.089500860585198,20
553,-0.000282072485396119,-6.179001721170396,20
554,-0.00027483985756544924,-8.23866896156053,20
555,-0.00027242898162189267,-6.179001721170396,20
556,-0.0002700181056783361,-12.358003442340792,20
557,-0.00026760722973477954,-6.179001721170396,20
558,-0.000265196353791223,-3.089500860585198,20
559,-0.00026037460190410984,-3.089500860585198,20
560,-0.0002579637259605532,-3.089500860585198,20
561,-0.0002531419740734401,-6.179001721170396,20
562,-0.00025073109812988353,-5.14916810097533,20
563,-0.00024832022218632696,-6.179001721170396,20
564,-0.0002459093462427704,-9.268502581755595,20
565,-0.0002434984702992138,-2.0596672403901324,20
566,-0.00024108759435565724,-3.089500860585198,20
567,-0.00023867671841210067,0.0,20
568,-0.00023385496652498751,-1.544750430292599,20
569,-0.00023144409058143095,-5.296287189574625,20
570,-0.00022903321463787438,-3.089500860585198,20
571,-0.00022662233869431782,0.0,20
572,-0.00022421146275076122,-3.089500860585198,20
573,-0.00022180058680720466,-4.119334480780265,20
574,-0.0002193897108636481,-2.0596672403901324,20
575,-0.00021697883492009153,0.0,20
576,-0.00021456795897653493,-6.179001721170396,20
577,-0.00021215708303297837,-5.14916810097533,20
578,-0.0002097462070894218,-3.089500860585198,20
579,-0.00020733533114586524,-1.544750430292599,20
580,-0.00020492445520230865,-3.089500860585198,20
581,-0.00020010270331519551,-6.179001721170396,20
582,-0.00019769182737163895,-5.296287189574625,20
583,-0.00019528095142808236,-1.544750430292599,20
584,-0.0001928700754845258,-1.0298336201950662,20
585,-0.00018804832359741266,-2.0596672403901324,20
586,-0.00018563744765385607,-4.634251290877797,20
587,-0.0001832265717102995,-3.8618760757314976,20
588,-0.00018081569576674294,-4.325301204819278,20
589,-0.00017840481982318637,-4.634251290877797,20
590,-0.00017599394387962978,-2.4716006884681585,20
591,-0.0001735830679360732,1.544750430292599,20
592,-0.00017117219199251665,0.0,20
593,-0.00016876131604896008,-3.089500860585198,20
594,-0.0001663504401054035,-3.089500860585198,20
595,-0.00016393956416184692,-2.0596672403901324,20
596,-0.00016152868821829036,-4.119334480780265,20
597,-0.0001591178122747338,-3.089500860585198,20
598,-0.0001567069363311772,-0.7723752151462995,20
599,-0.00015429606038762063,-1.1585628227194493,20
600,-0.00015188518444406407,-4.634251290877797,20
601,-0.0001494743085005075,-3.8618760757314976,20
602,-0.0001470634325569509,-2.935025817555938,20
603,-0.00014465255661339434,-3.089500860585198,20
604,-0.00014224168066983778,-4.040116509996029,20
605,-0.0001398308047262812,-4.788726333907057,20
606,-0.00013741992878272462,-2.3765391235270754,20
607,-0.00013500905283916805,-2.6481435947873124,20
608,-0.0001325981768956115,-2.808637145986544,20
609,-0.00013018730095205492,-3.089500860585198,20
610,-0.00012777642500849833,-1.6851822875919262,20
611,-0.00012536554906494176,-2.368617326448652,20
612,-0.0001229546731213852,-2.5277734313878892,20
613,-0.00012054379717782862,-3.475688468158348,20
614,-0.00011813292123427205,-3.2954675846242116,20
615,-0.00011572204529071547,-1.9512637014222303,20
616,-0.00011331116934715891,-2.614193035879783,20
617,-0.00011090029340360233,-3.8618760757314976,20
618,-0.00010848941746004576,-2.614193035879783,20
619,-0.00010607854151648918,-3.4327787339835534,20
620,-0.00010366766557293262,-1.544750430292599,20
621,-0.00010125678962937604,-3.460240963855422,20
622,-9.884591368581947e-05,-2.55219636309212,20
623,-9.64350377422629e-05,-1.7886583929703779,20
624,-9.402416179870633e-05,-2.0596672403901324,20
625,-9.161328585514975e-05,-2.5333907056798624,20
626,-8.920240991159318e-05,-2.7033132530120483,20
627,-8.67915339680366e-05,-2.7536855496520247,20
628,-8.438065802448004e-05,-2.124031841652324,20
629,-8.196978208092346e-05,-2.2372247611134193,20
630,-7.95589061373669e-05,-1.765429063191542,20
631,-7.714803019381032e-05,-2.0445226283284397,20
632,-7.473715425025375e-05,-1.544750430292599,20
633,-7.232627830669717e-05,-3.089500860585198,20
634,-6.99154023631406e-05,-1.9205005349583664,20
635,-6.750452641958403e-05,-2.619359425278755,20
636,-6.509365047602746e-05,-2.3437592735473918,20
637,-6.268277453247088e-05,-1.9176212238115022,20
638,-6.027189858891431e-05,-1.4501738733359093,20
639,-5.786102264535774e-05,-1.6091150315547909,20
640,-5.5450146701801165e-05,-2.124031841652324,20
641,-5.303927075824459e-05,-1.8699610471963042,20
642,-5.062839481468802e-05,-1.0298336201950662,20
643,-4.821751887113145e-05,-2.304034540097436,20
644,-4.5806642927574875e-05,-1.7196278374955347,20
645,-4.33957669840183e-05,-1.796954582177105,20
646,-4.098489104046173e-05,-0.7597133263734094,20
647,-3.857401509690516e-05,-0.5730525789795126,20
648,-3.6163139153348586e-05,-1.9752546485708644,20
649,-3.375226320979201e-05,-0.9535496483287648,20
650,-3.134138726623544e-05,-1.276993689041882,20
651,-2.893051132267887e-05,-1.0512884872824633,20
652,-2.6519635379122296e-05,-0.7430445107736553,20
653,-2.4108759435565724e-05,-0.882714531595771,20
654,-2.169788349200915e-05,-0.3615373347493317,20
655,-1.928700754845258e-05,-1.2580957112692301,20
656,-1.6876131604896007e-05,-1.074608994986156,20
657,-1.4465255661339434e-05,-1.1671447695544082,20
658,-1.2054379717782862e-05,-1.163106206337957,20
659,-9.64350377422629e-06,-0.8345203473994501,20
660,-7.232627830669717e-06,-0.7444580386952285,20
661,-4.821751887113145e-06,-0.7984103347579725,20
662,-2.4108759435565724e-06,-0.49492004077335694,20
663,0.0,-0.2549588088832445,20
664,2.4108759435565724e-06,0.0,20
665,4.821751887113145e-06,0.09268502581755594,20
666,7.232627830669717e-06,0.42129557189798156,20
667,9.64350377422629e-06,0.5771595014280041,20
668,1.2054379717782862e-05,0.1682401458734514,20
669,1.4465255661339434e-05,0.7052121529596648,20
670,1.6876131604896007e-05,0.16049355119923106,20
671,1.928700754845258e-05,1.1174790346797525,20
672,2.169788349200915e-05,1.7446593095069354,20
673,2.4108759435565724e-05,0.761181371448527,20
674,2.6519635379122296e-05,1.2080740544595967,20
675,2.893051132267887e-05,1.2567461127804196,20
676,3.134138726623544e-05,0.8545427912256931,20
677,3.375226320979201e-05,1.148125319812067,20
678,3.6163139153348586e-05,1.4589309619430102,20
679,3.857401509690516e-05,2.067972350230415,20
680,4.098489104046173e-05,1.7319929066917021,20
681,4.33957669840183e-05,1.961587847990602,20
682,4.5806642927574875e-05,1.5945810893342958,20
683,4.821751887113145e-05,1.9708884800284885,20
684,5.062839481468802e-05,1.4573117266911313,20
685,5.303927075824459e-05,2.014891865599042,20
686,5.5450146701801165e-05,2.0596672403901324,20
687,5.786102264535774e-05,1.2925462784080932,20
688,6.027189858891431e-05,2.488764582138076,20
689,6.268277453247088e-05,0.9541105598866053,20
690,6.509365047602746e-05,2.004000558217426,20
691,6.750452641958403e-05,2.3943631669535286,20
692,6.99154023631406e-05,1.6260530845185253,20
693,7.232627830669717e-05,1.2358003442340793,20
694,7.473715425025375e-05,1.8308153247912284,20
695,7.714803019381032e-05,3.3183527761841014,20
696,7.95589061373669e-05,2.2372247611134193,20
697,8.196978208092346e-05,3.3543152200639295,20
698,8.438065802448004e-05,2.4029451137884874,20
699,8.67915339680366e-05,1.7824043426453067,20
700,8.920240991159318e-05,2.008175559380379,20
701,9.161328585514975e-05,3.089500860585198,20
702,9.402416179870633e-05,2.5277734313878892,20
703,9.64350377422629e-05,3.6044176706827313,20
704,9.884591368581947e-05,2.246909716789235,20
705,0.00010125678962937604,2.1951716641000094,20
706,0.00010366766557293262,2.174093198189584,20
707,0.00010607854151648918,1.9990887921433633,20
708,0.00010848941746004576,2.4716006884681585,20
709,0.00011090029340360233,2.7033132530120483,20
710,0.00011331116934715891,1.8537005163511189,20
711,0.00011572204529071547,3.089500860585198,20
712,0.00011813292123427205,1.2872920252438325,20
713,0.00012054379717782862,1.1033931644947137,20
714,0.0001229546731213852,0.882714531595771,20
715,0.00012536554906494176,0.38618760757314974,20
716,0.00012777642500849833,2.162650602409639,20
717,0.00013018730095205492,1.7163893669917767,20
718,0.0001325981768956115,2.780550774526678,20
719,0.00013500905283916805,3.5014343086632245,20
720,0.00013741992878272462,3.089500860585198,20
721,0.0001398308047262812,4.248063683304648,20
722,0.00014224168066983778,3.282594664371773,20
723,0.00014465255661339434,5.792814113597246,20
724,0.0001470634325569509,2.4716006884681585,20
725,0.0001494743085005075,3.089500860585198,20
726,0.00015188518444406407,3.668782271944923,20
727,0.00015429606038762063,3.089500860585198,20
728,0.0001567069363311772,3.8618760757314976,20
729,0.0001591178122747338,0.4413572657978855,20
730,0.00016152868821829036,0.6179001721170396,20
731,0.00016393956416184692,2.3171256454388987,20
732,0.0001663504401054035,1.544750430292599,20
733,0.00016876131604896008,-1.544750430292599,20
734,0.00017117219199251665,2.3171256454388987,20
735,0.0001735830679360732,3.6044176706827313,20
736,0.00017599394387962978,4.325301204819278,20
737,0.00017840481982318637,4.634251290877797,20
738,0.00018081569576674294,4.119334480780265,20
739,0.0001832265717102995,8.23866896156053,20
740,0.00018563744765385607,1.0298336201950662,20
741,0.00018804832359741266,2.4716006884681585,20
742,0.00019045919954096922,0.882714531595771,20
743,0.0001928700754845258,-1.544750430292599,20
744,0.00019528095142808236,4.119334480780265,20
745,0.00019769182737163895,7.723752151462995,20
746,0.00020010270331519551,3.089500860585198,20
747,0.00020251357925875208,-0.5149168100975331,20
748,0.00020492445520230865,6.179001721170396,20
749,0.00020733533114586524,2.3171256454388987,20
750,0.0002097462070894218,1.544750430292599,20
751,0.00021215708303297837,1.0298336201950662,20
752,0.00021456795897653493,3.089500860585198,20
753,0.00021697883492009153,6.179001721170396,20
754,0.0002193897108636481,-1.0298336201950662,20
755,0.00022180058680720466,5.406626506024097,20
756,0.00022421146275076122,3.089500860585198,20
757,0.00022662233869431782,5.14916810097533,20
758,0.00022903321463787438,12.358003442340792,20
759,0.00023385496652498751,0.0,20
760,0.0002362658424685441,0.0,20
761,0.00023867671841210067,3.089500860585198,20
762,0.00024108759435565724,0.0,20
763,0.0002434984702992138,3.089500860585198,20
764,0.00024832022218632696,6.179001721170396,20
765,0.0002531419740734401,6.179001721170396,20
766,0.00025555285001699666,4.119334480780265,20
767,0.00026037460190410984,4.634251290877797,20
768,0.0002627854778476664,-3.089500860585198,20
769,0.000265196353791223,3.089500860585198,20
770,0.00026760722973477954,6.179001721170396,20
771,0.0002700181056783361,1.544750430292599,20
772,0.00027483985756544924,9.268502581755595,20
773,0.00028448336133967555,0.0,20
774,0.0002893051132267887,-3.089500860585198,20
775,0.00029171598917034525,3.089500860585198,20
776,0.0002941268651139018,9.268502581755595,20
777,0.0002965377410574584,2.3171256454388987,20
778,0.00030377036888812813,3.089500860585198,20
779,0.00030859212077524126,3.089500860585198,20
780,0.00031582474860591096,0.0,20
781,0.0003230573764365807,3.089500860585198,20
782,0.00032787912832369384,12.358003442340792,20
783,0.00033752263209792016,3.089500860585198,20
784,0.000349577011815703,0.0,20
785,0.0003543987637028161,9.268502581755595,20
786,0.000366453143420599,0.0,20
787,0.00036886401936415557,6.179001721170396,20
788,0.0003760966471948253,9.268502581755595,20
789,0.0003785075231383819,-3.089500860585198,20
790,0.000383329275025495,0.0,20
791,0.0003857401509690516,0.0,20
792,0.00039779453068683446,0.0,20
793,0.00040020540663039103,6.179001721170396,20
794,0.0004194924141788436,0.0,20
795,0.0004219032901224002,3.089500860585198,20
796,0.0004267250420095133,6.179001721170396,20
797,0.0004387794217272962,6.179001721170396,20
798,0.0004460120495579659,0.0,20
799,0.0004894078165419842,9.268502581755595,20
800,0.0004942295684290973,12.358003442340792,20
801,0.0005014621962597671,3.089500860585198,20
802,0.0005255709556953328,12.358003442340792,20
803,0.0005617340948486814,6.179001721170396,20
804,0.0005906646061713603,6.179001721170396,20
805,0.0005930754821149168,3.089500860585198,20
806,0.0005954863580584734,15.44750430292599,20
807,0.0006123624896633694,3.089500860585198,20
808,0.0006171842415504825,15.44750430292599,20
809,0.0006895105198571797,0.0,20
810,0.0007087975274056322,3.089500860585198,20
811,0.0009498851217612896,0.0,20
812,0.0010005135165759775,9.268502581755595,20
813,-0.00436127458189384,-21.626506024096386,50
814,-0.004079202096497721,-18.53700516351119,50
815,-0.0010752506708262312,0.0,50
816,-0.00076665855005099,0.0,50
817,-0.0007353171627847546,-9.268502581755595,50
818,-0.0006388821250424917,-12.358003442340792,50
819,-0.0006292386212682654,-9.268502581755595,50
820,-0.0006268277453247088,-3.089500860585198,50
821,-0.0006099516137198128,0.0,50
822,-0.0005906646061713603,-3.089500860585198,50
823,-0.0005520905910744551,-6.179001721170396,50
824,-0.000547268839187342,-4.634251290877797,50
825,-0.0005376253354131156,-3.089500860585198,50
826,-0.0005183383278646631,-18.53700516351119,50
827,-0.0005135165759775499,0.0,50
828,-0.0005014621962597671,0.0,50
829,-0.0004990513203162104,9.268502581755595,50
830,-0.0004918186924855408,-6.179001721170396,50
831,-0.0004894078165419842,-9.268502581755595,50
832,-0.0004797643127677579,-6.179001721170396,50
833,-0.0004725316849370882,-12.358003442340792,50
834,-0.00046770993304997503,-9.268502581755595,50
835,-0.00046529905710641846,-15.44750430292599,50
836,-0.0004556555533321922,-9.268502581755595,50
837,-0.00044842292550152245,3.089500860585198,50
838,-0.0004460120495579659,-4.634251290877797,50
839,-0.0004436011736144093,-12.358003442340792,50
840,-0.0004387794217272962,-9.268502581755595,50
841,-0.00042913591795306987,-6.179001721170396,50
842,-0.00042431416606595674,-3.089500860585198,50
843,-0.0004194924141788436,-3.089500860585198,50
844,-0.00041708153823528704,-13.130378657487093,50
845,-0.0004098489104046173,-6.179001721170396,50
846,-0.00040502715851750416,-12.358003442340792,50
847,-0.00040020540663039103,-3.089500860585198,50
848,-0.0003929727787997213,-10.813253012048193,50
849,-0.0003857401509690516,-7.723752151462995,50
850,-0.000383329275025495,-12.358003442340792,50
851,-0.00038091839908193845,0.0,50
852,-0.0003760966471948253,-3.089500860585198,50
853,-0.00037127489530771213,6.179001721170396,50
854,-0.000366453143420599,-4.634251290877797,50
855,-0.00036163139153348587,-6.179001721170396,50
856,-0.00035680963964637274,-10.813253012048193,50
857,-0.0003543987637028161,-12.358003442340792,50
858,-0.00035198788775925955,-9.268502581755595,50
859,-0.000349577011815703,-7.723752151462995,50
860,-0.0003471661358721464,-12.358003442340792,50
861,-0.00034475525992858986,-12.358003442340792,50
862,-0.0003423443839850333,-9.268502581755595,50
863,-0.00033752263209792016,-6.179001721170396,50
864,-0.00033511175615436354,-3.089500860585198,50
865,-0.000332700880210807,-10.29833620195066,50
866,-0.0003302900042672504,-10.813253012048193,50
867,-0.0003230573764365807,6.179001721170396,50
868,-0.00032064650049302415,-1.544750430292599,50
869,-0.0003182356245494676,-18.53700516351119,50
870,-0.00031582474860591096,-6.179001721170396,50
871,-0.00031100299671879783,-7.723752151462995,50
872,-0.0003061812448316847,-3.089500860585198,50
873,-0.000298948617001015,-12.358003442340792,50
874,-0.0002965377410574584,-6.179001721170396,50
875,-0.0002941268651139018,-9.268502581755595,50
876,-0.00029171598917034525,-9.268502581755595,50
877,-0.0002893051132267887,-8.23866896156053,50
878,-0.00028448336133967555,-9.268502581755595,50
879,-0.000282072485396119,-6.179001721170396,50
880,-0.0002796616094525624,-3.089500860585198,50
881,-0.0002772507335090058,-4.634251290877797,50
882,-0.00027483985756544924,-12.358003442340792,50
883,-0.00027242898162189267,-3.089500860585198,50
884,-0.0002700181056783361,-7.723752151462995,50
885,-0.00026760722973477954,-3.089500860585198,50
886,-0.000265196353791223,-4.634251290877797,50
887,-0.0002627854778476664,-9.268502581755595,50
888,-0.00026037460190410984,0.0,50
889,-0.0002579637259605532,-5.792814113597246,50
890,-0.00025555285001699666,9.268502581755595,50
891,-0.0002531419740734401,-4.634251290877797,50
892,-0.00025073109812988353,-1.9309380378657488,50
893,-0.00024832022218632696,0.0,50
894,-0.0002459093462427704,-3.089500860585198,50
895,-0.0002434984702992138,-9.268502581755595,50
896,-0.00024108759435565724,-6.693918531267929,50
897,-0.00023867671841210067,-5.14916810097533,50
898,-0.0002362658424685441,-4.634251290877797,50
899,-0.00023385496652498751,-3.089500860585198,50
900,-0.00023144409058143095,-3.089500860585198,50
901,-0.00022903321463787438,-6.179001721170396,50
902,-0.00022662233869431782,-3.089500860585198,50
903,-0.00022421146275076122,-5.406626506024097,50
904,-0.00022180058680720466,-2.3171256454388987,50
905,-0.0002193897108636481,0.0,50
906,-0.00021697883492009153,-4.634251290877797,50
907,-0.00021456795897653493,-7.4148020654044755,50
908,-0.00021215708303297837,-1.544750430292599,50
909,-0.0002097462070894218,-4.119334480780265,50
910,-0.00020733533114586524,-6.693918531267929,50
911,-0.00020492445520230865,-9.268502581755595,50
912,-0.00020251357925875208,-5.075608556675682,50
913,-0.00020010270331519551,-5.406626506024097,50
914,-0.00019769182737163895,-3.089500860585198,50
915,-0.00019528095142808236,-5.14916810097533,50
916,-0.0001928700754845258,-3.089500860585198,50
917,-0.00019045919954096922,-4.634251290877797,50
918,-0.00018804832359741266,-3.8618760757314976,50
919,-0.00018563744765385607,-8.23866896156053,50
920,-0.0001832265717102995,-7.723752151462995,50
921,-0.00018081569576674294,-3.089500860585198,50
922,-0.00017840481982318637,-6.693918531267929,50
923,-0.00017599394387962978,-6.179001721170396,50
924,-0.0001735830679360732,-5.406626506024097,50
925,-0.00017117219199251665,-3.6044176706827313,50
926,-0.00016876131604896008,-5.14916810097533,50
927,-0.0001663504401054035,-3.089500860585198,50
928,-0.00016393956416184692,-6.796901893287436,50
929,-0.00016152868821829036,-5.14916810097533,50
930,-0.0001591178122747338,-8.82714531595771,50
931,-0.0001567069363311772,-2.2067863289894274,50
932,-0.00015429606038762063,-4.634251290877797,50
933,-0.00015188518444406407,-2.780550774526678,50
934,-0.0001494743085005075,-3.9722153921809693,50
935,-0.0001470634325569509,-4.413572657978855,50
936,-0.00014465255661339434,-4.248063683304648,50
937,-0.00014224168066983778,-6.179001721170396,50
938,-0.0001398308047262812,-4.85492992377674,50
939,-0.00013741992878272462,-1.544750430292599,50
940,-0.00013500905283916805,-4.943201376936317,50
941,-0.0001325981768956115,-5.664084911072863,50
942,-0.00013018730095205492,-2.574584050487665,50
943,-0.00012777642500849833,-6.951376936316696,50
944,-0.00012536554906494176,-4.119334480780265,50
945,-0.0001229546731213852,-7.337564543889846,50
946,-0.00012054379717782862,-1.2358003442340793,50
947,-0.00011813292123427205,-4.325301204819278,50
948,-0.00011572204529071547,-5.252151462994837,50
949,-0.00011331116934715891,-3.530858126383084,50
950,-0.00011090029340360233,-2.5102194492254735,50
951,-0.00010848941746004576,-7.4148020654044755,50
952,-0.00010607854151648918,-2.4716006884681585,50
953,-0.00010366766557293262,-3.7074010327022378,50
954,-0.00010125678962937604,-1.9309380378657488,50
955,-9.884591368581947e-05,0.0,50
956,-9.64350377422629e-05,-1.3240717973936562,50
957,-9.402416179870633e-05,-3.089500860585198,50
958,-9.161328585514975e-05,-3.089500860585198,50
959,-8.920240991159318e-05,-3.6347068948061154,50
960,-8.67915339680366e-05,-3.6044176706827313,50
961,-8.438065802448004e-05,-4.413572657978855,50
962,-8.196978208092346e-05,-2.4716006884681585,50
963,-7.95589061373669e-05,-2.124031841652324,50
964,-7.714803019381032e-05,-1.544750430292599,50
965,-7.473715425025375e-05,-4.634251290877797,50
966,-7.232627830669717e-05,-3.475688468158348,50
967,-6.99154023631406e-05,-3.180368532955351,50
968,-6.750452641958403e-05,-1.0904120684418348,50
969,-6.509365047602746e-05,-0.34327787339835536,50
970,-6.268277453247088e-05,-3.4529715500658096,50
971,-6.027189858891431e-05,-2.1808241368836696,50
972,-5.786102264535774e-05,-2.162650602409639,50
973,-5.5450146701801165e-05,-3.2521061690370505,50
974,-5.303927075824459e-05,-1.8537005163511189,50
975,-5.062839481468802e-05,-2.795262683386608,50
976,-4.821751887113145e-05,-3.261139797284376,50
977,-4.5806642927574875e-05,-0.23765391235270755,50
978,-4.33957669840183e-05,-1.2089351193594253,50
979,-4.098489104046173e-05,-0.25745840504876655,50
980,-3.857401509690516e-05,0.34327787339835536,50
981,-3.6163139153348586e-05,-3.243975903614458,50
982,-3.375226320979201e-05,-1.765429063191542,50
983,-3.134138726623544e-05,-1.8537005163511189,50
984,-2.893051132267887e-05,0.16260530845185253,50
985,-2.6519635379122296e-05,-2.595180722891566,50
986,-2.4108759435565724e-05,-0.5884763543971806,50
987,-2.169788349200915e-05,-0.537304497493078,50
988,-1.928700754845258e-05,-0.9654690189328744,50
989,-1.6876131604896007e-05,-1.222927423981641,50
990,-1.4465255661339434e-05,-0.11033931644947137,50
991,-1.2054379717782862e-05,-1.544750430292599,50
992,-9.64350377422629e-06,-1.1382371591629679,50
993,-7.232627830669717e-06,-0.7723752151462995,50
994,-4.821751887113145e-06,-0.9268502581755594,50
995,-2.4108759435565724e-06,0.20596672403901323,50
996,0.0,-2.3765391235270754,50
997,2.4108759435565724e-06,-2.1883964429145153,50
998,4.821751887113145e-06,-0.11882695617635378,50
999,7.232627830669717e-06,-1.9990887921433633,50
1000,9.64350377422629e-06,-0.351079643248318,50
1001,1.2054379717782862e-05,0.9506156494108302,50
1002,1.4465255661339434e-05,-0.4753078247054151,50
1003,1.6876131604896007e-05,2.1138690098740827,50
1004,1.928700754845258e-05,0.6179001721170396,50
1005,2.169788349200915e-05,1.2358003442340793,50
1006,2.4108759435565724e-05,0.8009817045961625,50
1007,2.6519635379122296e-05,1.765429063191542,50
1008,2.893051132267887e-05,2.8320424555364316,50
1009,3.134138726623544e-05,0.2942381771985903,50
1010,3.375226320979201e-05,1.6183099745922467,50
1011,3.6163139153348586e-05,1.3008424676148203,50
1012,3.857401509690516e-05,3.089500860585198,50
1013,4.098489104046173e-05,2.3539054175887224,50
1014,4.33957669840183e-05,-1.0298336201950662,50
1015,4.5806642927574875e-05,0.23765391235270755,50
1016,4.821751887113145e-05,0.5792814113597247,50
1017,5.062839481468802e-05,1.9309380378657488,50
1018,5.303927075824459e-05,1.1234548583946176,50
1019,5.5450146701801165e-05,3.327154772937906,50
1020,5.786102264535774e-05,0.8130265422592626,50
1021,6.027189858891431e-05,4.753078247054151,50
1022,6.268277453247088e-05,3.3837390377837884,50
1023,6.509365047602746e-05,2.1808241368836696,50
1024,6.750452641958403e-05,-0.09654690189328743,50
1025,6.99154023631406e-05,3.7074010327022378,50
1026,7.232627830669717e-05,0.7723752151462995,50
1027,7.473715425025375e-05,1.8699610471963042,50
1028,7.714803019381032e-05,3.310179493484141,50
1029,7.95589061373669e-05,1.1585628227194493,50
1030,8.196978208092346e-05,1.8537005163511189,50
1031,8.438065802448004e-05,3.802462597643321,50
1032,8.67915339680366e-05,1.3240717973936562,50
1033,8.920240991159318e-05,4.943201376936317,50
1034,9.161328585514975e-05,2.7260301711045867,50
1035,9.402416179870633e-05,3.9722153921809693,50
1036,9.64350377422629e-05,3.310179493484141,50
1037,9.884591368581947e-05,1.2358003442340793,50
1038,0.00010125678962937604,3.327154772937906,50
1039,0.00010366766557293262,-0.7723752151462995,50
1040,0.00010607854151648918,2.3171256454388987,50
1041,0.00010848941746004576,2.9791615441357266,50
1042,0.00011090029340360233,3.651228289782507,50
1043,0.00011331116934715891,4.634251290877797,50
1044,0.00011572204529071547,6.179001721170396,50
1045,0.00011813292123427205,2.3765391235270754,50
1046,0.00012054379717782862,2.574584050487665,50
1047,0.0001229546731213852,3.932092004381161,50
1048,0.00012536554906494176,4.119334480780265,50
1049,0.00012777642500849833,3.530858126383084,50
1050,0.00013018730095205492,6.179001721170396,50
1051,0.0001325981768956115,3.802462597643321,50
1052,0.00013500905283916805,3.089500860585198,50
1053,0.00013741992878272462,5.835723847772041,50
1054,0.0001398308047262812,3.475688468158348,50
1055,0.00014224168066983778,0.6179001721170396,50
1056,0.00014465255661339434,2.746222987186843,50
1057,0.0001470634325569509,3.9722153921809693,50
1058,0.0001494743085005075,2.574584050487665,50
1059,0.00015188518444406407,3.089500860585198,50
1060,0.00015429606038762063,1.544750430292599,50
1061,0.0001567069363311772,6.620358986968282,50
1062,0.0001591178122747338,6.179001721170396,50
1063,0.00016152868821829036,5.252151462994837,50
1064,0.00016393956416184692,-2.3171256454388987,50
1065,0.0001663504401054035,3.7074010327022378,50
1066,0.00016876131604896008,3.089500860585198,50
1067,0.00017117219199251665,5.516965822473568,50
1068,0.0001735830679360732,1.9660460021905806,50
1069,0.00017599394387962978,6.179001721170396,50
1070,0.00017840481982318637,5.792814113597246,50
1071,0.00018081569576674294,6.179001721170396,50
1072,0.0001832265717102995,3.7074010327022378,50
1073,0.00018563744765385607,4.634251290877797,50
1074,0.00018804832359741266,0.0,50
1075,0.00019045919954096922,4.634251290877797,50
1076,0.0001928700754845258,0.6179001721170396,50
1077,0.00019528095142808236,6.179001721170396,50
1078,0.00019769182737163895,3.089500860585198,50
1079,0.00020010270331519551,7.208835341365463,50
1080,0.00020251357925875208,3.3469592656339646,50
1081,0.00020492445520230865,6.179001721170396,50
1082,0.00020733533114586524,0.0,50
1083,0.0002097462070894218,3.089500860585198,50
1084,0.00021215708303297837,-6.179001721170396,50
1085,0.00021456795897653493,4.119334480780265,50
1086,0.00021697883492009153,7.723752151462995,50
1087,0.0002193897108636481,9.654690189328743,50
1088,0.00022180058680720466,7.723752151462995,50
1089,0.00022421146275076122,7.723752151462995,50
1090,0.00022662233869431782,9.268502581755595,50
1091,0.00022903321463787438,6.179001721170396,50
1092,0.00023144409058143095,0.0,50
1093,0.00023385496652498751,6.179001721170396,50
1094,0.0002362658424685441,1.544750430292599,50
1095,0.00023867671841210067,2.3171256454388987,50
1096,0.00024108759435565724,7.723752151462995,50
1097,0.0002459093462427704,5.406626506024097,50
1098,0.00024832022218632696,8.23866896156053,50
1099,0.00025073109812988353,9.268502581755595,50
1100,0.0002531419740734401,3.089500860585198,50
1101,0.0002579637259605532,6.179001721170396,50
1102,0.00026037460190410984,6.179001721170396,50
1103,0.0002627854778476664,6.179001721170396,50
1104,0.000265196353791223,2.0596672403901324,50
1105,0.00026760722973477954,2.0596672403901324,50
1106,0.0002700181056783361,2.0596672403901324,50
1107,0.00027483985756544924,3.8618760757314976,50
1108,0.00028448336133967555,-9.268502581755595,50
1109,0.0002868942372832321,1.0298336201950662,50
1110,0.0002893051132267887,4.119334480780265,50
1111,0.0002941268651139018,3.089500860585198,50
1112,0.000298948617001015,3.089500860585198,50
1113,0.00030135949294457157,0.0,50
1114,0.0003061812448316847,0.0,50
1115,0.00030859212077524126,12.358003442340792,50
1116,0.0003134138726623544,9.268502581755595,50
1117,0.00031582474860591096,3.089500860585198,50
1118,0.0003182356245494676,15.44750430292599,50
1119,0.000332700880210807,3.089500860585198,50
1120,0.00033511175615436354,6.179001721170396,50
1121,0.0003399335080414767,3.089500860585198,50
1122,0.00034475525992858986,4.634251290877797,50
1123,0.0003543987637028161,0.0,50
1124,0.00035680963964637274,1.544750430292599,50
1125,0.0003592205155899293,-6.179001721170396,50
1126,0.00036163139153348587,3.089500860585198,50
1127,0.000366453143420599,1.544750430292599,50
1128,0.00037127489530771213,6.179001721170396,50
1129,0.0003785075231383819,0.0,50
1130,0.0003905619028561647,9.268502581755595,50
1131,0.0003929727787997213,12.358003442340792,50
1132,0.0003953836547432779,-9.268502581755595,50
1133,0.0004219032901224002,3.089500860585198,50
1134,0.00043154679389662644,12.358003442340792,50
1135,0.00043395766984018306,6.179001721170396,50
1136,0.00044119029767085275,3.089500860585198,50
1137,0.0004628881811628619,3.089500860585198,50
1138,0.00046770993304997503,15.44750430292599,50
1139,0.0005062839481468802,3.089500860585198,50
1140,0.000564144970792238,0.0,50
1141,0.0005761993505100209,9.268502581755595,50
1142,0.0005906646061713603,12.358003442340792,50
1143,0.0005930754821149168,6.179001721170396,50
1144,0.0006027189858891431,18.53700516351119,50
1145,0.0006099516137198128,0.0,50
1146,0.0006340603731553785,15.44750430292599,50
1147,0.0006750452641958403,12.358003442340792,50
1148,0.0006846887679700666,12.358003442340792,50
1149,0.0007642476741074334,6.179001721170396,50
1150,0.0009257763623257238,6.179001721170396,50
1151,-0.004197335017731993,-21.626506024096386,100
1152,-0.003710338077133565,-27.805507745266784,100
1153,-0.0013235708930125583,0.0,100
1154,-0.0011355225694151456,6.179001721170396,100
1155,-0.0009474742458177329,0.0,100
1156,-0.0009113111066643844,-6.179001721170396,100
1157,-0.0008582718359061397,-30.89500860585198,100
1158,-0.0008558609599625832,-6.179001721170396,100
1159,-0.0008148760689221215,-24.716006884681583,100
1160,-0.0007811238057123294,0.0,100
1161,-0.0007521932943896506,-9.268502581755595,100
1162,-0.0007353171627847546,-6.179001721170396,100
1163,-0.0006919213958007363,-12.358003442340792,100
1164,-0.0006798670160829535,-18.53700516351119,100
1165,-0.0006750452641958403,0.0,100
1166,-0.000665401760421614,-20.081755593803788,100
1167,-0.0006364712490989352,-7.723752151462995,100
1168,-0.0006244168693811523,-18.53700516351119,100
1169,-0.0006220059934375957,-18.53700516351119,100
1170,-0.0006099516137198128,-3.089500860585198,100
1171,-0.0005786102264535774,-12.358003442340792,100
1172,-0.0005617340948486814,-21.626506024096386,100
1173,-0.0005569123429615682,-9.268502581755595,100
1174,-0.0005520905910744551,-3.089500860585198,100
1175,-0.0005496797151308985,6.179001721170396,100
1176,-0.000547268839187342,-6.179001721170396,100
1177,-0.0005328035835260025,-6.179001721170396,100
1178,-0.0005111057000339933,-12.358003442340792,100
1179,-0.0005038730722033237,-15.44750430292599,100
1180,-0.0004894078165419842,-3.089500860585198,100
1181,-0.00048458606465487104,-3.089500860585198,100
1182,-0.0004821751887113145,-15.44750430292599,100
1183,-0.0004797643127677579,-9.268502581755595,100
1184,-0.0004725316849370882,-12.358003442340792,100
1185,-0.00046529905710641846,-12.358003442340792,100
1186,-0.0004628881811628619,-6.179001721170396,100
1187,-0.00045324467738863563,-13.902753872633392,100
1188,-0.000450833801445079,-6.179001721170396,100
1189,-0.00044119029767085275,-12.358003442340792,100
1190,-0.0004387794217272962,3.089500860585198,100
1191,-0.0004363685457837396,-18.53700516351119,100
1192,-0.00043395766984018306,-9.268502581755595,100
1193,-0.0004219032901224002,-12.358003442340792,100
1194,-0.0004194924141788436,-9.268502581755595,100
1195,-0.0004146706622917305,-13.902753872633392,100
1196,-0.0004074380344610607,-10.813253012048193,100
1197,-0.0004026162825739476,-3.089500860585198,100
1198,-0.0003905619028561647,-11.328169822145727,100
1199,-0.0003857401509690516,-7.723752151462995,100
1200,-0.00038091839908193845,-9.268502581755595,100
1201,-0.0003785075231383819,-6.179001721170396,100
1202,-0.0003760966471948253,0.0,100
1203,-0.00037127489530771213,-4.634251290877797,100
1204,-0.000366453143420599,-9.268502581755595,100
1205,-0.00036404226747704244,-3.089500860585198,100
1206,-0.00035680963964637274,-11.328169822145727,100
1207,-0.0003543987637028161,-9.268502581755595,100
1208,-0.00035198788775925955,-6.179001721170396,100
1209,-0.0003471661358721464,0.0,100
1210,-0.00034475525992858986,-3.089500860585198,100
1211,-0.00032787912832369384,-13.902753872633392,100
1212,-0.0003230573764365807,-3.089500860585198,100
1213,-0.00032064650049302415,-6.179001721170396,100
1214,-0.0003182356245494676,-15.44750430292599,100
1215,-0.00031582474860591096,-8.23866896156053,100
1216,-0.0003134138726623544,0.0,100
1217,-0.00030859212077524126,-15.44750430292599,100
1218,-0.0003061812448316847,-3.089500860585198,100
1219,-0.00030377036888812813,-9.268502581755595,100
1220,-0.00030135949294457157,-7.723752151462995,100
1221,-0.0002965377410574584,0.0,100
1222,-0.0002941268651139018,0.0,100
1223,-0.00029171598917034525,0.0,100
1224,-0.0002893051132267887,-6.179001721170396,100
1225,-0.0002868942372832321,-6.179001721170396,100
1226,-0.00028448336133967555,-5.14916810097533,100
1227,-0.000282072485396119,-5.14916810097533,100
1228,-0.0002772507335090058,-9.268502581755595,100
1229,-0.00027242898162189267,-7.208835341365463,100
1230,-0.000265196353791223,-3.089500860585198,100
1231,-0.0002627854778476664,-4.634251290877797,100
1232,-0.00025555285001699666,-7.208835341365463,100
1233,-0.0002531419740734401,-9.268502581755595,100
1234,-0.00025073109812988353,-3.089500860585198,100
1235,-0.00024832022218632696,-8.23866896156053,100
1236,-0.0002459093462427704,-15.44750430292599,100
1237,-0.00024108759435565724,-3.089500860585198,100
1238,-0.00023867671841210067,-6.179001721170396,100
1239,-0.0002362658424685441,-4.325301204819278,100
1240,-0.00023385496652498751,-7.723752151462995,100
1241,-0.00023144409058143095,-10.813253012048193,100
1242,-0.00022903321463787438,-6.951376936316696,100
1243,-0.00022662233869431782,-18.53700516351119,100
1244,-0.00022421146275076122,-12.358003442340792,100
1245,-0.00022180058680720466,-9.268502581755595,100
1246,-0.0002193897108636481,-30.89500860585198,100
1247,-0.00021697883492009153,-9.268502581755595,100
1248,-0.00021456795897653493,-3.089500860585198,100
1249,-0.0002097462070894218,-6.179001721170396,100
1250,-0.00020733533114586524,-13.387837062535858,100
1251,-0.00020492445520230865,-1.9309380378657488,100
1252,-0.00020251357925875208,-4.634251290877797,100
1253,-0.00020010270331519551,1.544750430292599,100
1254,-0.00019769182737163895,-9.268502581755595,100
1255,-0.00019528095142808236,-3.089500860585198,100
1256,-0.0001928700754845258,-15.44750430292599,100
1257,-0.00018804832359741266,9.268502581755595,100
1258,-0.00018563744765385607,-6.179001721170396,100
1259,-0.0001832265717102995,-4.634251290877797,100
1260,-0.00018081569576674294,-3.089500860585198,100
1261,-0.00017840481982318637,-12.358003442340792,100
1262,-0.00017599394387962978,-11.328169822145727,100
1263,-0.0001735830679360732,0.0,100
1264,-0.00017117219199251665,-15.44750430292599,100
1265,-0.00016876131604896008,-6.951376936316696,100
1266,-0.0001663504401054035,-8.23866896156053,100
1267,-0.00016393956416184692,-6.179001721170396,100
1268,-0.00016152868821829036,-10.040877796901894,100
1269,-0.0001591178122747338,-1.544750430292599,100
1270,-0.0001567069363311772,-6.179001721170396,100
1271,-0.00015429606038762063,3.089500860585198,100
1272,-0.0001494743085005075,-3.089500860585198,100
1273,-0.0001470634325569509,-8.753585771658061,100
1274,-0.00014465255661339434,-4.634251290877797,100
1275,-0.00014224168066983778,0.0,100
1276,-0.0001398308047262812,-3.8618760757314976,100
1277,-0.00013741992878272462,-3.7074010327022378,100
1278,-0.00013500905283916805,-4.325301204819278,100
1279,-0.0001325981768956115,-7.723752151462995,100
1280,-0.00013018730095205492,-4.119334480780265,100
1281,-0.00012777642500849833,-0.7723752151462995,100
1282,-0.00012536554906494176,-6.693918531267929,100
1283,-0.0001229546731213852,-6.179001721170396,100
1284,-0.00012054379717782862,-8.496127366609295,100
1285,-0.00011813292123427205,-6.693918531267929,100
1286,-0.00011572204529071547,-8.032702237521516,100
1287,-0.00011331116934715891,-6.179001721170396,100
1288,-0.00011090029340360233,-4.85492992377674,100
1289,-0.00010848941746004576,-6.179001721170396,100
1290,-0.00010607854151648918,-7.723752151462995,100
1291,-0.00010366766557293262,-7.208835341365463,100
1292,-0.00010125678962937604,0.0,100
1293,-9.884591368581947e-05,0.0,100
1294,-9.64350377422629e-05,-1.544750430292599,100
1295,-9.402416179870633e-05,-6.179001721170396,100
1296,-9.161328585514975e-05,-1.544750430292599,100
1297,-8.920240991159318e-05,-3.089500860585198,100
1298,-8.67915339680366e-05,-3.475688468158348,100
1299,-8.438065802448004e-05,-5.406626506024097,100
1300,-8.196978208092346e-05,0.0,100
1301,-7.95589061373669e-05,-3.089500860585198,100
1302,-7.714803019381032e-05,-7.208835341365463,100
1303,-7.473715425025375e-05,-2.574584050487665,100
1304,-7.232627830669717e-05,0.0,100
1305,-6.99154023631406e-05,-6.796901893287436,100
1306,-6.750452641958403e-05,-3.089500860585198,100
1307,-6.509365047602746e-05,2.4716006884681585,100
1308,-6.268277453247088e-05,-5.296287189574625,100
1309,-6.027189858891431e-05,-1.3240717973936562,100
1310,-5.786102264535774e-05,0.0,100
1311,-5.5450146701801165e-05,-2.3171256454388987,100
1312,-5.303927075824459e-05,-6.179001721170396,100
1313,-5.062839481468802e-05,-5.406626506024097,100
1314,-4.821751887113145e-05,-1.8537005163511189,100
1315,-4.5806642927574875e-05,0.38618760757314974,100
1316,-4.33957669840183e-05,-8.032702237521516,100
1317,-4.098489104046173e-05,-3.089500860585198,100
1318,-3.857401509690516e-05,-3.089500860585198,100
1319,-3.6163139153348586e-05,-3.8618760757314976,100
1320,-3.375226320979201e-05,-3.089500860585198,100
1321,-3.134138726623544e-05,0.0,100
1322,-2.893051132267887e-05,0.0,100
1323,-2.6519635379122296e-05,1.8537005163511189,100
1324,-2.4108759435565724e-05,2.574584050487665,100
1325,-2.169788349200915e-05,-1.544750430292599,100
1326,-1.928700754845258e-05,-6.179001721170396,100
1327,-1.6876131604896007e-05,-6.951376936316696,100
1328,-1.4465255661339434e-05,-3.8618760757314976,100
1329,-1.2054379717782862e-05,-6.179001721170396,100
1330,-9.64350377422629e-06,0.0,100
1331,-7.232627830669717e-06,4.119334480780265,100
1332,-4.821751887113145e-06,0.6865557467967107,100
1333,-2.4108759435565724e-06,-1.0298336201950662,100
1334,0.0,-1.544750430292599,100
1335,2.4108759435565724e-06,1.6851822875919262,100
1336,4.821751887113145e-06,0.4413572657978855,100
1337,7.232627830669717e-06,0.0,100
1338,9.64350377422629e-06,5.835723847772041,100
1339,1.2054379717782862e-05,-3.089500860585198,100
1340,1.4465255661339434e-05,0.0,100
1341,1.6876131604896007e-05,-0.882714531595771,100
1342,1.928700754845258e-05,-2.746222987186843,100
1343,2.169788349200915e-05,-1.7163893669917767,100
1344,2.4108759435565724e-05,0.0,100
1345,2.6519635379122296e-05,-3.089500860585198,100
1346,2.893051132267887e-05,3.089500860585198,100
1347,3.134138726623544e-05,-0.6179001721170396,100
1348,3.375226320979201e-05,2.574584050487665,100
1349,3.6163139153348586e-05,0.34327787339835536,100
1350,3.857401509690516e-05,3.089500860585198,100
1351,4.098489104046173e-05,-0.5149168100975331,100
1352,4.33957669840183e-05,2.0596672403901324,100
1353,4.5806642927574875e-05,4.634251290877797,100
1354,4.821751887113145e-05,8.496127366609295,100
1355,5.062839481468802e-05,4.248063683304648,100
1356,5.303927075824459e-05,5.561101549053356,100
1357,5.5450146701801165e-05,-3.7074010327022378,100
1358,5.786102264535774e-05,1.544750430292599,100
1359,6.027189858891431e-05,-2.2067863289894274,100
1360,6.268277453247088e-05,-4.943201376936317,100
1361,6.509365047602746e-05,0.4413572657978855,100
1362,6.750452641958403e-05,2.574584050487665,100
1363,6.99154023631406e-05,8.109939759036145,100
1364,7.232627830669717e-05,1.544750430292599,100
1365,7.473715425025375e-05,-1.2358003442340793,100
1366,7.714803019381032e-05,6.179001721170396,100
1367,7.95589061373669e-05,4.634251290877797,100
1368,8.196978208092346e-05,0.0,100
1369,8.438065802448004e-05,6.179001721170396,100
1370,8.67915339680366e-05,3.8618760757314976,100
1371,8.920240991159318e-05,1.544750430292599,100
1372,9.161328585514975e-05,0.0,100
1373,9.402416179870633e-05,7.723752151462995,100
1374,9.64350377422629e-05,5.792814113597246,100
1375,9.884591368581947e-05,7.208835341365463,100
1376,0.00010125678962937604,0.7723752151462995,100
1377,0.00010366766557293262,-1.8537005163511189,100
1378,0.00010607854151648918,-5.406626506024097,100
1379,0.00010848941746004576,6.796901893287436,100
1380,0.00011090029340360233,-3.089500860585198,100
1381,0.00011331116934715891,3.089500860585198,100
1382,0.00011572204529071547,1.8537005163511189,100
1383,0.00011813292123427205,3.089500860585198,100
1384,0.00012054379717782862,0.0,100
1385,0.0001229546731213852,4.943201376936317,100
1386,0.00012536554906494176,4.634251290877797,100
1387,0.00012777642500849833,3.089500860585198,100
1388,0.00013018730095205492,4.634251290877797,100
1389,0.0001325981768956115,1.544750430292599,100
1390,0.00013500905283916805,7.208835341365463,100
1391,0.00013741992878272462,4.634251290877797,100
1392,0.0001398308047262812,-0.5149168100975331,100
1393,0.00014224168066983778,1.0298336201950662,100
1394,0.00014465255661339434,5.406626506024097,100
1395,0.0001470634325569509,5.664084911072863,100
1396,0.00015188518444406407,4.634251290877797,100
1397,0.00015429606038762063,7.723752151462995,100
1398,0.0001567069363311772,4.634251290877797,100
1399,0.0001591178122747338,9.268502581755595,100
1400,0.00016152868821829036,-3.089500860585198,100
1401,0.00016393956416184692,2.0596672403901324,100
1402,0.0001663504401054035,6.179001721170396,100
1403,0.00016876131604896008,5.406626506024097,100
1404,0.00017117219199251665,7.208835341365463,100
1405,0.0001735830679360732,9.268502581755595,100
1406,0.00017599394387962978,2.3171256454388987,100
1407,0.00017840481982318637,6.179001721170396,100
1408,0.00018081569576674294,3.089500860585198,100
1409,0.0001832265717102995,-1.544750430292599,100
1410,0.00018563744765385607,4.325301204819278,100
1411,0.00018804832359741266,1.9309380378657488,100
1412,0.00019045919954096922,8.23866896156053,100
1413,0.0001928700754845258,6.179001721170396,100
1414,0.00019528095142808236,8.23866896156053,100
1415,0.00019769182737163895,-3.089500860585198,100
1416,0.00020010270331519551,1.0298336201950662,100
1417,0.00020251357925875208,10.29833620195066,100
1418,0.00020492445520230865,10.813253012048193,100
1419,0.00020733533114586524,3.089500860585198,100
1420,0.0002097462070894218,7.723752151462995,100
1421,0.00021215708303297837,14.417670682730925,100
1422,0.00021456795897653493,6.179001721170396,100
1423,0.0002193897108636481,8.650602409638555,100
1424,0.00022180058680720466,7.723752151462995,100
1425,0.00022421146275076122,9.268502581755595,100
1426,0.00022662233869431782,15.44750430292599,100
1427,0.00022903321463787438,6.179001721170396,100
1428,0.00023144409058143095,4.634251290877797,100
1429,0.0002362658424685441,3.089500860585198,100
1430,0.00023867671841210067,0.0,100
1431,0.00024108759435565724,4.634251290877797,100
1432,0.0002434984702992138,15.44750430292599,100
1433,0.0002459093462427704,4.119334480780265,100
1434,0.00024832022218632696,3.089500860585198,100
1435,0.00025073109812988353,8.23866896156053,100
1436,0.0002531419740734401,5.664084911072863,100
1437,0.00025555285001699666,0.0,100
1438,0.0002579637259605532,6.179001721170396,100
1439,0.0002627854778476664,7.208835341365463,100
1440,0.000265196353791223,12.358003442340792,100
1441,0.00026760722973477954,6.179001721170396,100
1442,0.0002700181056783361,9.886402753872634,100
1443,0.00027242898162189267,7.723752151462995,100
1444,0.00027483985756544924,0.0,100
1445,0.0002796616094525624,-3.089500860585198,100
1446,0.000282072485396119,1.544750430292599,100
1447,0.0002868942372832321,7.723752151462995,100
1448,0.0002941268651139018,11.328169822145727,100
1449,0.000298948617001015,-6.179001721170396,100
1450,0.00030135949294457157,7.723752151462995,100
1451,0.00030377036888812813,9.268502581755595,100
1452,0.0003061812448316847,24.716006884681583,100
1453,0.00031100299671879783,7.208835341365463,100
1454,0.0003134138726623544,6.179001721170396,100
1455,0.00031582474860591096,0.0,100
1456,0.0003182356245494676,10.813253012048193,100
1457,0.00032064650049302415,4.634251290877797,100
1458,0.0003254682523801373,3.089500860585198,100
1459,0.00032787912832369384,0.0,100
1460,0.0003302900042672504,4.634251290877797,100
1461,0.000332700880210807,-3.089500860585198,100
1462,0.00033752263209792016,9.268502581755595,100
1463,0.0003399335080414767,6.179001721170396,100
1464,0.0003423443839850333,9.268502581755595,100
1465,0.00035198788775925955,4.634251290877797,100
1466,0.00035680963964637274,0.0,100
1467,0.0003592205155899293,-3.089500860585198,100
1468,0.00036404226747704244,9.268502581755595,100
1469,0.00036886401936415557,3.089500860585198,100
1470,0.00037127489530771213,7.723752151462995,100
1471,0.0003736857712512687,9.268502581755595,100
1472,0.0003760966471948253,21.626506024096386,100
1473,0.0003785075231383819,-1.544750430292599,100
1474,0.000383329275025495,7.723752151462995,100
1475,0.0003857401509690516,9.268502581755595,100
1476,0.0003905619028561647,3.089500860585198,100
1477,0.0003929727787997213,3.089500860585198,100
1478,0.00040502715851750416,-3.089500860585198,100
1479,0.0004074380344610607,6.179001721170396,100
1480,0.00041225978634817386,6.179001721170396,100
1481,0.00041708153823528704,15.44750430292599,100
1482,0.0004194924141788436,6.179001721170396,100
1483,0.0004219032901224002,3.089500860585198,100
1484,0.00042431416606595674,12.358003442340792,100
1485,0.0004363685457837396,3.089500860585198,100
1486,0.0004436011736144093,3.089500860585198,100
1487,0.0004460120495579659,6.179001721170396,100
1488,0.0004556555533321922,-3.089500860585198,100
1489,0.0004628881811628619,15.44750430292599,100
1490,0.00046529905710641846,9.268502581755595,100
1491,0.0004701208089935316,-3.089500860585198,100
1492,0.00047735343682420134,9.268502581755595,100
1493,0.00048458606465487104,15.44750430292599,100
1494,0.0004918186924855408,9.268502581755595,100
1495,0.0004990513203162104,21.626506024096386,100
1496,0.0005111057000339933,6.179001721170396,100
1497,0.0005135165759775499,-6.179001721170396,100
1498,0.0005159274519211064,15.44750430292599,100
1499,0.000547268839187342,6.179001721170396,100
1500,0.0005569123429615682,15.44750430292599,100
1501,0.0005593232189051248,6.179001721170396,100
1502,0.0006678126363651706,-3.089500860585198,100
1503,0.0006798670160829535,6.179001721170396,100
1504,0.0008196978208092346,3.089500860585198,100
1505,0.0008630935877932529,6.179001721170396,100
1506,0.0011017703062053536,9.268502581755595,100
